"Index","Name","Type","Series","Defense","Fire Res","Water Res","Thunder Res","Ice Res","Dragon Res","Slot 1","Slot 2","Slot 3","Series Skill","Group Skill","Skill 1","Skill Level 1","Skill 2","Skill Level 2","Skill 3","Skill Level 3"
0,"Hope Mask","HELM","Hope",2,1,0,1,0,0,0,0,0,"","","Stun Resistance",1,"","","",""
1,"Hope Mail","BODY","Hope",2,1,0,1,0,0,0,0,0,"","","Divine Blessing",1,"","","",""
2,"Hope Vambraces","ARM","Hope",2,1,0,1,0,0,0,0,0,"","","Divine Blessing",1,"","","",""
3,"Hope Coil","WAIST","Hope",2,1,0,1,0,0,0,0,0,"","","Stun Resistance",1,"","","",""
4,"Hope Greaves","LEG","Hope",2,1,0,1,0,0,0,0,0,"","","Divine Blessing",1,"","","",""
5,"Leather Headgear","HELM","Leather",2,2,0,0,0,0,0,0,0,"","","Botanist",1,"","","",""
6,"Leather Vest","BODY","Leather",2,2,0,0,0,0,0,0,0,"","","Botanist",1,"","","",""
7,"Leather Gloves","ARM","Leather",2,2,0,0,0,0,0,0,0,"","","Hunger Resistance",1,"","","",""
8,"Leather Belt","WAIST","Leather",2,2,0,0,0,0,0,0,0,"","","Botanist",1,"","","",""
9,"Leather Pants","LEG","Leather",2,2,0,0,0,0,0,0,0,"","","Botanist",1,"","","",""
10,"Chainmail Headgear","HELM","Chainmail",2,0,2,0,0,0,0,0,0,"","","Geologist",1,"","","",""
11,"Chainmail Vest","BODY","Chainmail",2,0,2,0,0,0,0,0,0,"","","Geologist",1,"","","",""
12,"Chainmail Gloves","ARM","Chainmail",2,0,2,0,0,0,0,0,0,"","","Geologist",1,"","","",""
13,"Chainmail Belt","WAIST","Chainmail",2,0,2,0,0,0,0,0,0,"","","Recovery Speed",1,"","","",""
14,"Chainmail Pants","LEG","Chainmail",2,0,2,0,0,0,0,0,0,"","","Recovery Speed",1,"","","",""
15,"Bone Helm","HELM","Bone",4,2,0,2,0,2,0,0,0,"","","Marathon Runner",1,"","","",""
16,"Bone Mail","BODY","Bone",4,2,0,2,0,2,0,0,0,"","","Marathon Runner",1,"","","",""
17,"Bone Vambraces","ARM","Bone",4,2,0,2,0,2,0,0,0,"","","Stun Resistance",1,"","","",""
18,"Bone Coil","WAIST","Bone",4,2,0,2,0,2,0,0,0,"","","Marathon Runner",1,"","","",""
19,"Bone Greaves","LEG","Bone",4,2,0,2,0,2,0,0,0,"","","Stun Resistance",1,"","","",""
20,"Bulaqchi Specs","HELM","Bulaqchi",4,-4,1,1,-2,4,0,0,0,"","Neopteron Alert","Entomologist",1,"","","",""
21,"Talioth Vambraces","ARM","Talioth",4,4,-2,-2,-2,2,0,0,0,"","Flexible Leathercraft","Leap of Faith",1,"","","",""
22,"Chatacabra Helm","HELM","Chatacabra",6,1,2,-3,-1,1,0,0,0,"","Flexible Leathercraft","Speed Eating",1,"","","",""
23,"Chatacabra Mail","BODY","Chatacabra",6,1,2,-3,-1,1,0,0,0,"","Flexible Leathercraft","Speed Eating",1,"","","",""
24,"Chatacabra Vambraces","ARM","Chatacabra",6,1,2,-3,-1,1,0,0,0,"","Flexible Leathercraft","Item Prolonger",1,"","","",""
25,"Chatacabra Coil","WAIST","Chatacabra",6,1,2,-3,-1,1,0,0,0,"","Flexible Leathercraft","Speed Eating",1,"","","",""
26,"Chatacabra Greaves","LEG","Chatacabra",6,1,2,-3,-1,1,0,0,0,"","Flexible Leathercraft","Item Prolonger",1,"","","",""
27,"Quematrice Helm","HELM","Quematrice",6,2,-3,0,-1,0,0,0,0,"","Scaling Prowess","Flinch Free",1,"","","",""
28,"Quematrice Mail","BODY","Quematrice",6,2,-3,0,-1,0,0,0,0,"","Scaling Prowess","Fire Resistance",1,"","","",""
29,"Quematrice Braces","ARM","Quematrice",6,2,-3,0,-1,0,0,0,0,"","Scaling Prowess","Flinch Free",1,"","","",""
30,"Quematrice Coil","WAIST","Quematrice",6,2,-3,0,-1,0,0,0,0,"","Scaling Prowess","Fire Resistance",1,"","","",""
31,"Quematrice Greaves","LEG","Quematrice",6,2,-3,0,-1,0,0,0,0,"","Scaling Prowess","Flinch Free",1,"","","",""
32,"Alloy Helm","HELM","Alloy",6,-2,1,-2,-2,1,0,0,0,"","","Quick Sheathe",1,"","","",""
33,"Alloy Mail","BODY","Alloy",6,-2,1,-2,-2,1,0,0,0,"","","Tremor Resistance",1,"","","",""
34,"Alloy Vambraces","ARM","Alloy",6,-2,1,-2,-2,1,0,0,0,"","","Tremor Resistance",1,"","","",""
35,"Alloy Coil","WAIST","Alloy",6,-2,1,-2,-2,1,0,0,0,"","","Tremor Resistance",1,"","","",""
36,"Alloy Greaves","LEG","Alloy",6,-2,1,-2,-2,1,0,0,0,"","","Quick Sheathe",1,"","","",""
37,"Piragill Greaves","LEG","Piragill",4,-3,4,-3,1,1,0,0,0,"","Flexible Leathercraft","Water Resistance",1,"","","",""
39,"Vespoid Helm","HELM","Vespoid",4,-2,1,1,1,2,0,0,0,"","Neopteron Alert","Survival Expert",1,"","","",""
40,"Vespoid Mail","BODY","Vespoid",4,-2,1,1,1,2,0,0,0,"","Neopteron Alert","Survival Expert",1,"","","",""
41,"Vespoid Vambraces","ARM","Vespoid",4,-2,1,1,1,2,0,0,0,"","Neopteron Alert","Paralysis Resistance",1,"","","",""
42,"Vespoid Coil","WAIST","Vespoid",4,-2,1,1,1,2,0,0,0,"","Neopteron Alert","Paralysis Resistance",1,"","","",""
43,"Vespoid Greaves","LEG","Vespoid",4,-2,1,1,1,2,0,0,0,"","Neopteron Alert","Survival Expert",1,"","","",""
44,"Barina Headgear","HELM","Lala Barina",8,-3,3,0,0,3,0,0,0,"","Neopteron Alert","Paralysis Resistance",1,"","","",""
45,"Barina Mail","BODY","Lala Barina",8,-3,3,0,0,3,0,0,0,"","Neopteron Alert","Paralysis Resistance",1,"","","",""
46,"Barina Vambraces","ARM","Lala Barina",8,-3,3,0,0,3,0,0,0,"","Neopteron Alert","Recovery Up",1,"","","",""
47,"Barina Coil","WAIST","Lala Barina",8,-3,3,0,0,3,0,0,0,"","Neopteron Alert","Recovery Up",1,"","","",""
48,"Barina Greaves","LEG","Lala Barina",8,-3,3,0,0,3,0,0,0,"","Neopteron Alert","Recovery Up",1,"","","",""
49,"Conga Helm","HELM","Conga",8,-3,1,1,-1,2,0,0,0,"","Fortifying Pelt","Mushroomancer",1,"","","",""
50,"Conga Mail","BODY","Conga",8,-3,1,1,-1,2,0,0,0,"","Fortifying Pelt","Mushroomancer",1,"","","",""
51,"Conga Vambraces","ARM","Conga",8,-3,1,1,-1,2,0,0,0,"","Fortifying Pelt","Stench Resistance",1,"","","",""
52,"Conga Coil","WAIST","Conga",8,-3,1,1,-1,2,0,0,0,"","Fortifying Pelt","Stench Resistance",1,"","","",""
53,"Conga Greaves","LEG","Conga",8,-3,1,1,-1,2,0,0,0,"","Fortifying Pelt","Mushroomancer",1,"","","",""
54,"Balahara Helm","HELM","Balahara",12,-1,2,-3,1,1,0,0,0,"","Scaling Prowess","Hunger Resistance",1,"","","",""
55,"Balahara Mail","BODY","Balahara",12,-1,2,-3,1,1,0,0,0,"","Scaling Prowess","Quick Sheathe",1,"","","",""
56,"Balahara Vambraces","ARM","Balahara",12,-1,2,-3,1,1,0,0,0,"","Scaling Prowess","Evade Extender",1,"","","",""
57,"Balahara Coil","WAIST","Balahara",12,-1,2,-3,1,1,0,0,0,"","Scaling Prowess","Evade Extender",1,"","","",""
58,"Balahara Greaves","LEG","Balahara",12,-1,2,-3,1,1,0,0,0,"","Scaling Prowess","Evade Extender",1,"","","",""
59,"Doshaguma Helm","HELM","Doshaguma",16,-3,2,-1,-1,4,0,0,0,"Doshaguma's Might","Fortifying Pelt","Free Meal",1,"","","",""
60,"Doshaguma Mail","BODY","Doshaguma",16,-3,2,-1,-1,4,0,0,0,"Doshaguma's Might","Fortifying Pelt","Free Meal",1,"","","",""
61,"Doshaguma Braces","ARM","Doshaguma",16,-3,2,-1,-1,4,0,0,0,"Doshaguma's Might","Fortifying Pelt","Recovery Speed",1,"","","",""
62,"Doshaguma Coil","WAIST","Doshaguma",16,-3,2,-1,-1,4,0,0,0,"Doshaguma's Might","Fortifying Pelt","Item Prolonger",1,"","","",""
63,"Doshaguma Greaves","LEG","Doshaguma",16,-3,2,-1,-1,4,0,0,0,"Doshaguma's Might","Fortifying Pelt","Free Meal",1,"","","",""
64,"Duna Helm","HELM","Uth Duna",26,-1,4,-3,0,0,0,0,0,"Uth Duna's Cover","Lord's Favor","Peak Performance",1,"Tool Specialist",1,"",""
65,"Duna Mail","BODY","Uth Duna",26,-1,4,-3,0,0,1,0,0,"Uth Duna's Cover","Lord's Favor","Peak Performance",1,"","","",""
66,"Duna Vambraces","ARM","Uth Duna",26,-1,4,-3,0,0,1,0,0,"Uth Duna's Cover","Lord's Favor","Tool Specialist",1,"","","",""
67,"Duna Coil","WAIST","Uth Duna",26,-1,4,-3,0,0,0,0,0,"Uth Duna's Cover","Lord's Favor","Tool Specialist",1,"Aquatic/Oilsilt Mobility",1,"",""
68,"Duna Greaves","LEG","Uth Duna",26,-1,4,-3,0,0,0,0,0,"Uth Duna's Cover","Lord's Favor","Peak Performance",1,"","","",""
69,"Ingot Helm","HELM","Ingot",16,-2,0,3,-1,0,0,0,0,"","","Divine Blessing",1,"","","",""
70,"Ingot Mail","BODY","Ingot",16,-2,0,3,-1,0,0,0,0,"","","Windproof",1,"","","",""
71,"Ingot Vambraces","ARM","Ingot",16,-2,0,3,-1,0,0,0,0,"","","Stun Resistance",1,"","","",""
72,"Ingot Coil","WAIST","Ingot",16,-2,0,3,-1,0,0,0,0,"","","Divine Blessing",1,"","","",""
73,"Ingot Greaves","LEG","Ingot",16,-2,0,3,-1,0,0,0,0,"","","Windproof",1,"","","",""
74,"Kranodath Mail","BODY","Kranodath",16,4,-2,0,-2,0,0,0,0,"","Scaling Prowess","Flinch Free",2,"","","",""
75,"Rompopolo Helm","HELM","Rompopolo",18,0,-3,0,0,1,0,0,0,"","Flexible Leathercraft","Wide-Range",1,"","","",""
76,"Rompopolo Mail","BODY","Rompopolo",18,0,-3,0,0,1,0,0,0,"","Flexible Leathercraft","Wide-Range",1,"","","",""
77,"Rompopolo Vambraces","ARM","Rompopolo",18,0,-3,0,0,1,0,0,0,"","Flexible Leathercraft","Wide-Range",1,"Poison Resistance",1,"",""
78,"Rompopolo Coil","WAIST","Rompopolo",18,0,-3,0,0,1,0,0,0,"","Flexible Leathercraft","Wide-Range",1,"Poison Resistance",1,"",""
79,"Rompopolo Greaves","LEG","Rompopolo",18,0,-3,0,0,1,0,0,0,"","Flexible Leathercraft","Wide-Range",1,"","","",""
80,"Rey Sandhelm","HELM","Rey Dau",26,0,-2,4,-3,0,0,0,0,"Rey Dau's Voltage","Lord's Favor","Latent Power",1,"","","",""
81,"Rey Sandmail","BODY","Rey Dau",26,0,-2,4,-3,0,0,0,0,"Rey Dau's Voltage","Lord's Favor","Constitution",1,"","","",""
82,"Rey Sandbraces","ARM","Rey Dau",26,0,-2,4,-3,0,1,0,0,"Rey Dau's Voltage","Lord's Favor","Latent Power",1,"","","",""
83,"Rey Sandcoil","WAIST","Rey Dau",26,0,-2,4,-3,0,1,0,0,"Rey Dau's Voltage","Lord's Favor","Constitution",1,"","","",""
84,"Rey Sandgreaves","LEG","Rey Dau",26,0,-2,4,-3,0,0,0,0,"Rey Dau's Voltage","Lord's Favor","Latent Power",1,"Constitution",1,"",""
85,"Comaqchi Accessory","HELM","Comaqchi",16,-5,0,0,3,3,0,0,0,"","Neopteron Alert","Sleep Resistance",1,"","","",""
86,"Nerscylla Helm","HELM","Nerscylla",20,-2,2,-2,1,2,0,0,0,"","Neopteron Alert","Ambush",1,"","","",""
87,"Nerscylla Mail","BODY","Nerscylla",20,-2,2,-2,1,2,0,0,0,"","Neopteron Alert","Bind Resistance",1,"Poison Resistance",1,"",""
88,"Nerscylla Vambraces","ARM","Nerscylla",20,-2,2,-2,1,2,0,0,0,"","Neopteron Alert","Ambush",1,"","","",""
89,"Nerscylla Coil","WAIST","Nerscylla",20,-2,2,-2,1,2,0,0,0,"","Neopteron Alert","Bind Resistance",1,"Sleep Resistance",1,"",""
90,"Nerscylla Greaves","LEG","Nerscylla",20,-2,2,-2,1,2,0,0,0,"","Neopteron Alert","Ambush",1,"","","",""
91,"Hirabami Headdress","HELM","Hirabami",22,-3,2,-2,3,0,0,0,0,"","Scaling Prowess","Evade Window",1,"Recovery Speed",1,"",""
92,"Hirabami Mail","BODY","Hirabami",22,-3,2,-2,3,0,0,0,0,"","Scaling Prowess","Evade Window",1,"Recovery Speed",1,"",""
93,"Hirabami Vambraces","ARM","Hirabami",22,-3,2,-2,3,0,0,0,0,"","Scaling Prowess","Evade Window",1,"Ice Resistance",1,"",""
94,"Hirabami Coil","WAIST","Hirabami",22,-3,2,-2,3,0,0,0,0,"","Scaling Prowess","Evade Window",1,"Ice Resistance",1,"",""
95,"Hirabami Greaves","LEG","Hirabami",22,-3,2,-2,3,0,0,0,0,"","Scaling Prowess","Evade Window",1,"Ice Resistance",1,"",""
96,"Ajarakan Helm","HELM","Ajarakan",24,3,-3,1,-2,0,0,0,0,"","Fortifying Pelt","Partbreaker",1,"Bombardier",1,"",""
97,"Ajarakan Mail","BODY","Ajarakan",24,3,-3,1,-2,0,0,0,0,"","Fortifying Pelt","Partbreaker",1,"","","",""
98,"Ajarakan Vambraces","ARM","Ajarakan",24,3,-3,1,-2,0,0,0,0,"","Fortifying Pelt","Bombardier",1,"Cliffhanger",1,"",""
99,"Ajarakan Coil","WAIST","Ajarakan",24,3,-3,1,-2,0,0,0,0,"","Fortifying Pelt","Bombardier",1,"Blast Resistance",1,"",""
100,"Ajarakan Greaves","LEG","Ajarakan",24,3,-3,1,-2,0,0,0,0,"","Fortifying Pelt","Partbreaker",1,"Blast Resistance",1,"",""
101,"Udra Mirehelm","HELM","Nu Udra",26,5,-4,0,1,0,1,0,0,"Nu Udra's Mutiny","Lord's Favor","Resentment",1,"","","",""
102,"Udra Miremail","BODY","Nu Udra",26,5,-4,0,1,0,0,0,0,"Nu Udra's Mutiny","Lord's Favor","Resentment",1,"Speed Eating",1,"",""
103,"Udra Mirebraces","ARM","Nu Udra",26,5,-4,0,1,0,1,0,0,"Nu Udra's Mutiny","Lord's Favor","Speed Eating",1,"","","",""
104,"Udra Mirecoil","WAIST","Nu Udra",26,5,-4,0,1,0,1,0,0,"Nu Udra's Mutiny","Lord's Favor","Resentment",1,"","","",""
105,"Udra Miregreaves","LEG","Nu Udra",26,5,-4,0,1,0,1,0,0,"Nu Udra's Mutiny","Lord's Favor","Speed Eating",1,"","","",""
106,"G. Seikret Coil","WAIST","Guardian Seikret",22,0,0,4,0,-3,1,0,0,"","Guardian's Pulse","Jump Master",1,"","","",""
107,"G. Doshaguma Helm","HELM","Guardian Doshaguma",26,-3,2,-1,-2,2,1,0,0,"Doshaguma's Might","Guardian's Pulse","Heroics",1,"","","",""
108,"G. Doshaguma Mail","BODY","Guardian Doshaguma",26,-3,2,-1,-2,2,0,0,0,"Doshaguma's Might","Guardian's Pulse","Heroics",1,"Iron Skin",1,"",""
109,"G. Doshaguma Braces","ARM","Guardian Doshaguma",26,-3,2,-1,-2,2,1,0,0,"Doshaguma's Might","Guardian's Pulse","Marathon Runner",1,"","","",""
110,"G. Doshaguma Coil","WAIST","Guardian Doshaguma",26,-3,2,-1,-2,2,0,0,0,"Doshaguma's Might","Guardian's Pulse","Heroics",1,"Marathon Runner",1,"",""
111,"G. Doshaguma Greaves","LEG","Guardian Doshaguma",26,-3,2,-1,-2,2,0,0,0,"Doshaguma's Might","Guardian's Pulse","Marathon Runner",1,"Iron Skin",1,"",""
112,"G. Rathalos Helm","HELM","Guardian Rathalos",26,3,1,-2,1,-5,0,0,0,"Rathalos's Flare","Guardian's Pulse","Weakness Exploit",1,"Intimidator",1,"",""
113,"G. Rathalos Mail","BODY","Guardian Rathalos",26,3,1,-2,1,-5,1,0,0,"Rathalos's Flare","Guardian's Pulse","Intimidator",1,"","","",""
114,"G. Rathalos Vambraces","ARM","Guardian Rathalos",26,3,1,-2,1,-5,1,0,0,"Rathalos's Flare","Guardian's Pulse","Weakness Exploit",1,"","","",""
115,"G. Rathalos Coil","WAIST","Guardian Rathalos",26,3,1,-2,1,-5,1,0,0,"Rathalos's Flare","Guardian's Pulse","Intimidator",1,"","","",""
116,"G. Rathalos Greaves","LEG","Guardian Rathalos",26,3,1,-2,1,-5,1,0,0,"Rathalos's Flare","Guardian's Pulse","Weakness Exploit",1,"","","",""
117,"G. Ebony Helm","HELM","Guardian Ebony",26,-2,-3,-2,-2,4,1,0,0,"Ebony Odogaron's Power","Guardian's Pulse","Burst",1,"","","",""
118,"G. Ebony Mail","BODY","Guardian Ebony",26,-2,-3,-2,-2,4,1,0,0,"Ebony Odogaron's Power","Guardian's Pulse","Bleeding Resistance",1,"","","",""
119,"G. Ebony Braces","ARM","Guardian Ebony",26,-2,-3,-2,-2,4,1,0,0,"Ebony Odogaron's Power","Guardian's Pulse","Burst",1,"","","",""
120,"G. Ebony Coil","WAIST","Guardian Ebony",26,-2,-3,-2,-2,4,0,0,0,"Ebony Odogaron's Power","Guardian's Pulse","Burst",1,"Bleeding Resistance",1,"",""
121,"G. Ebony Greaves","LEG","Guardian Ebony",26,-2,-3,-2,-2,4,1,0,0,"Ebony Odogaron's Power","Guardian's Pulse","Bleeding Resistance",1,"","","",""
122,"Xu Wu Helm","HELM","Xu Wu",26,1,1,1,-3,2,1,0,0,"","Flexible Leathercraft","Maximum Might",1,"","","",""
123,"Xu Wu Mail","BODY","Xu Wu",26,1,1,1,-3,2,1,0,0,"","Flexible Leathercraft","Stamina Surge",1,"","","",""
124,"Xu Wu Vambraces","ARM","Xu Wu",26,1,1,1,-3,2,1,0,0,"","Flexible Leathercraft","Maximum Might",1,"","","",""
125,"Xu Wu Coil","WAIST","Xu Wu",26,1,1,1,-3,2,0,0,0,"","Flexible Leathercraft","Maximum Might",1,"Stamina Surge",1,"",""
126,"Xu Wu Greaves","LEG","Xu Wu",26,1,1,1,-3,2,1,0,0,"","Flexible Leathercraft","Stamina Surge",1,"","","",""
127,"G. Arkveld Helm","HELM","Guardian Arkveld",30,2,0,-1,0,-4,1,0,0,"Guardian Arkveld's Vitality","Guardian's Pulse","Flayer",1,"","","",""
128,"G. Arkveld Mail","BODY","Guardian Arkveld",30,2,0,-1,0,-4,0,0,0,"Guardian Arkveld's Vitality","Guardian's Pulse","Flayer",1,"Blight Resistance",1,"",""
129,"G. Arkveld Vambraces","ARM","Guardian Arkveld",30,2,0,-1,0,-4,1,0,0,"Guardian Arkveld's Vitality","Guardian's Pulse","Flayer",1,"","","",""
130,"G. Arkveld Coil","WAIST","Guardian Arkveld",30,2,0,-1,0,-4,1,1,0,"Guardian Arkveld's Vitality","Guardian's Pulse","Blight Resistance",1,"","","",""
131,"G. Arkveld Greaves","LEG","Guardian Arkveld",30,2,0,-1,0,-4,1,0,0,"Guardian Arkveld's Vitality","Guardian's Pulse","Blight Resistance",1,"","","",""
132,"Hope Mask α","HELM","Hope α",26,1,0,1,0,0,1,0,0,"","","Divine Blessing",2,"","","",""
133,"Hope Mail α","BODY","Hope α",26,1,0,1,0,0,1,1,0,"","","Poison Resistance",1,"","","",""
134,"Hope Vambraces α","ARM","Hope α",26,1,0,1,0,0,1,1,0,"","","Sleep Resistance",1,"","","",""
135,"Hope Coil α","WAIST","Hope α",26,1,0,1,0,0,1,0,0,"","","Divine Blessing",1,"Stun Resistance",1,"",""
136,"Hope Greaves α","LEG","Hope α",26,1,0,1,0,0,1,0,0,"","","Stun Resistance",2,"","","",""
137,"Leather Headgear α","HELM","Leather α",26,2,0,0,0,0,1,0,0,"","","Botanist",2,"","","",""
138,"Leather Mail α","BODY","Leather α",26,2,0,0,0,0,1,0,0,"","","Botanist",1,"Item Prolonger",1,"",""
139,"Leather Gloves α","ARM","Leather α",26,2,0,0,0,0,1,0,0,"","","Botanist",1,"Hunger Resistance",1,"",""
140,"Leather Belt α","WAIST","Leather α",26,2,0,0,0,0,1,1,0,"","","Hunger Resistance",1,"","","",""
141,"Leather Pants α","LEG","Leather α",26,2,0,0,0,0,1,0,0,"","","Hunger Resistance",1,"Item Prolonger",1,"",""
142,"Chainmail Headgear α","HELM","Chainmail α",26,0,2,0,0,0,1,1,0,"","","Geologist",1,"","","",""
143,"Chainmail Armor α","BODY","Chainmail α",26,0,2,0,0,0,1,0,0,"","","Geologist",1,"Ice Resistance",1,"",""
144,"Chainmail Gloves α","ARM","Chainmail α",26,0,2,0,0,0,1,0,0,"","","Geologist",1,"Recovery Speed",1,"",""
145,"Chainmail Belt α","WAIST","Chainmail α",26,0,2,0,0,0,1,0,0,"","","Recovery Speed",1,"Ice Resistance",1,"",""
146,"Chainmail Pants α","LEG","Chainmail α",26,0,2,0,0,0,1,1,0,"","","Recovery Speed",1,"","","",""
157,"Bulaqchi Specs α","HELM","Bulaqchi α",32,-4,1,1,-2,4,0,0,0,"","Neopteron Alert","Entomologist",1,"Weakness Exploit",1,"",""
158,"Bulaqchi Specs β","HELM","Bulaqchi β",32,-4,1,1,-2,4,2,1,0,"","Neopteron Camouflage","Entomologist",1,"","","",""
159,"Talioth Vambraces α","ARM","Talioth α",32,4,-2,-2,-2,2,0,0,0,"","Flexible Leathercraft","Leap of Faith",1,"Burst",1,"",""
160,"Talioth Vambraces β","ARM","Talioth β",32,4,-2,-2,-2,2,2,1,0,"","Buttery Leathercraft","Leap of Faith",1,"","","",""
161,"Piragill Greaves α","LEG","Piragill α",32,-3,4,-3,1,1,0,0,0,"","Flexible Leathercraft","Aquatic/Oilsilt Mobility",1,"Water Resistance",2,"",""
162,"Piragill Greaves β","LEG","Piragill β",32,-3,4,-3,1,1,2,0,0,"","Buttery Leathercraft","Aquatic/Oilsilt Mobility",1,"","","",""
163,"Vespoid Helm α","HELM","Vespoid α",32,-2,1,1,1,2,0,0,0,"","Neopteron Alert","Survival Expert",1,"Ambush",1,"",""
164,"Vespoid Mail α","BODY","Vespoid α",32,-2,1,1,1,2,1,0,0,"","Neopteron Alert","Survival Expert",1,"Evade Window",1,"",""
165,"Vespoid Vambraces α","ARM","Vespoid α",32,-2,1,1,1,2,0,0,0,"","Neopteron Alert","Paralysis Resistance",1,"Ambush",1,"",""
166,"Vespoid Coil α","WAIST","Vespoid α",32,-2,1,1,1,2,1,0,0,"","Neopteron Alert","Paralysis Resistance",1,"Evade Window",1,"",""
167,"Vespoid Greaves α","LEG","Vespoid α",32,-2,1,1,1,2,1,1,0,"","Neopteron Alert","Survival Expert",1,"Paralysis Resistance",1,"",""
168,"Vespoid Helm β","HELM","Vespoid β",32,-2,1,1,1,2,2,0,0,"","Neopteron Camouflage","Survival Expert",1,"","","",""
169,"Vespoid Mail β","BODY","Vespoid β",32,-2,1,1,1,2,1,1,1,"","Neopteron Camouflage","Survival Expert",1,"","","",""
170,"Vespoid Vambraces β","ARM","Vespoid β",32,-2,1,1,1,2,2,0,0,"","Neopteron Camouflage","Paralysis Resistance",1,"","","",""
171,"Vespoid Coil β","WAIST","Vespoid β",32,-2,1,1,1,2,1,1,1,"","Neopteron Camouflage","Paralysis Resistance",1,"","","",""
172,"Vespoid Greaves β","LEG","Vespoid β",32,-2,1,1,1,2,2,1,0,"","Neopteron Camouflage","Survival Expert",1,"","","",""
173,"Kranodath Mail α","BODY","Kranodath α",32,4,-2,0,-2,0,0,0,0,"","Scaling Prowess","Flinch Free",2,"Partbreaker",1,"",""
174,"Kranodath Mail β","BODY","Kranodath β",32,4,-2,0,-2,0,2,0,0,"","Scale Layering","Flinch Free",2,"","","",""
175,"Comaqchi Accessory α","HELM","Comaqchi α",32,-5,0,0,3,3,0,0,0,"","Neopteron Alert","Sleep Resistance",2,"Foray",1,"",""
176,"Comaqchi Accessory β","HELM","Comaqchi β",32,-5,0,0,3,3,2,1,0,"","Neopteron Camouflage","Sleep Resistance",2,"","","",""
177,"Kut-Ku Helm α","HELM","Kut-Ku α",36,3,0,-2,-4,2,1,0,0,"","Scaling Prowess","Constitution",2,"Fire Resistance",2,"",""
178,"Kut-Ku Mail α","BODY","Kut-Ku α",36,3,0,-2,-4,2,1,0,0,"","Scaling Prowess","Agitator",1,"Fire Resistance",1,"",""
179,"Kut-Ku Vambraces α","ARM","Kut-Ku α",36,3,0,-2,-4,2,1,0,0,"","Scaling Prowess","Constitution",1,"Agitator",1,"",""
180,"Kut-Ku Coil α","WAIST","Kut-Ku α",36,3,0,-2,-4,2,0,0,0,"","Scaling Prowess","Agitator",1,"Recovery Up",2,"",""
181,"Kut-Ku Greaves α","LEG","Kut-Ku α",36,3,0,-2,-4,2,2,0,0,"","Scaling Prowess","Constitution",2,"Recovery Up",1,"",""
182,"Kut-Ku Helm β","HELM","Kut-Ku β",36,3,0,-2,-4,2,2,1,0,"","Scale Layering","Constitution",2,"","","",""
183,"Kut-Ku Mail β","BODY","Kut-Ku β",36,3,0,-2,-4,2,2,0,0,"","Scale Layering","Agitator",1,"","","",""
184,"Kut-Ku Vambraces β","ARM","Kut-Ku β",36,3,0,-2,-4,2,2,1,1,"","Scale Layering","Constitution",1,"","","",""
185,"Kut-Ku Coil β","WAIST","Kut-Ku β",36,3,0,-2,-4,2,1,0,0,"","Scale Layering","Agitator",1,"Recovery Up",1,"",""
186,"Kut-Ku Greaves β","LEG","Kut-Ku β",36,3,0,-2,-4,2,2,1,0,"","Scale Layering","Constitution",1,"Recovery Up",1,"",""
187,"Chatacabra Helm α","HELM","Chatacabra α",36,1,2,-3,-1,1,1,0,0,"","Flexible Leathercraft","Speed Eating",1,"Wide-Range",1,"",""
188,"Chatacabra Mail α","BODY","Chatacabra α",36,1,2,-3,-1,1,0,0,0,"","Flexible Leathercraft","Speed Eating",1,"Weakness Exploit",1,"",""
189,"Chatacabra Vambraces α","ARM","Chatacabra α",36,1,2,-3,-1,1,1,0,0,"","Flexible Leathercraft","Item Prolonger",1,"Wide-Range",1,"",""
190,"Chatacabra Coil α","WAIST","Chatacabra α",36,1,2,-3,-1,1,1,0,0,"","Flexible Leathercraft","Speed Eating",1,"Item Prolonger",1,"",""
191,"Chatacabra Greaves α","LEG","Chatacabra α",36,1,2,-3,-1,1,0,0,0,"","Flexible Leathercraft","Item Prolonger",1,"Weakness Exploit",1,"",""
192,"Chatacabra Helm β","HELM","Chatacabra β",36,1,2,-3,-1,1,2,0,0,"","Buttery Leathercraft","Speed Eating",1,"","","",""
193,"Chatacabra Mail β","BODY","Chatacabra β",36,1,2,-3,-1,1,1,1,1,"","Buttery Leathercraft","Speed Eating",1,"","","",""
194,"Chatacabra Vambraces β","ARM","Chatacabra β",36,1,2,-3,-1,1,2,0,0,"","Buttery Leathercraft","Item Prolonger",1,"","","",""
195,"Chatacabra Coil β","WAIST","Chatacabra β",36,1,2,-3,-1,1,1,1,0,"","Buttery Leathercraft","Speed Eating",1,"","","",""
196,"Chatacabra Greaves β","LEG","Chatacabra β",36,1,2,-3,-1,1,1,0,0,"","Buttery Leathercraft","Weakness Exploit",1,"","","",""
197,"Gypceros Helm α","HELM","Gypceros α",36,-4,3,4,-1,1,1,0,0,"","Flexible Leathercraft","Stamina Surge",1,"Blindsider",1,"",""
198,"Gypceros Mail α","BODY","Gypceros α",36,-4,3,4,-1,1,1,0,0,"","Flexible Leathercraft","Stamina Surge",1,"Poison Resistance",1,"",""
199,"Gypceros Vambraces α","ARM","Gypceros α",36,-4,3,4,-1,1,0,0,0,"","Flexible Leathercraft","Resentment",2,"Poison Resistance",1,"",""
200,"Gypceros Coil α","WAIST","Gypceros α",36,-4,3,4,-1,1,1,0,0,"","Flexible Leathercraft","Stamina Surge",1,"Resentment",1,"",""
201,"Gypceros Greaves α","LEG","Gypceros α",36,-4,3,4,-1,1,0,0,0,"","Flexible Leathercraft","Resentment",1,"Marathon Runner",2,"",""
202,"Gypceros Helm β","HELM","Gypceros β",36,-4,3,4,-1,1,1,1,0,"","Buttery Leathercraft","Stamina Surge",1,"","","",""
203,"Gypceros Mail β","BODY","Gypceros β",36,-4,3,4,-1,1,2,0,0,"","Buttery Leathercraft","Stamina Surge",1,"","","",""
204,"Gypceros Vambraces β","ARM","Gypceros β",36,-4,3,4,-1,1,1,0,0,"","Buttery Leathercraft","Resentment",2,"","","",""
205,"Gypceros Coil β","WAIST","Gypceros β",36,-4,3,4,-1,1,2,1,0,"","Buttery Leathercraft","Stamina Surge",1,"","","",""
206,"Gypceros Greaves β","LEG","Gypceros β",36,-4,3,4,-1,1,1,0,0,"","Buttery Leathercraft","Resentment",1,"Marathon Runner",1,"",""
147,"Bone Helm α","HELM","Bone α",32,2,0,2,0,2,1,0,0,"","","Stun Resistance",1,"Speed Eating",1,"",""
148,"Bone Mail α","BODY","Bone α",32,2,0,2,0,2,1,0,0,"","","Marathon Runner",1,"Stun Resistance",1,"",""
149,"Bone Vambraces α","ARM","Bone α",32,2,0,2,0,2,1,0,0,"","","Marathon Runner",1,"Speed Eating",1,"",""
150,"Bone Coil α","WAIST","Bone α",32,2,0,2,0,2,1,1,0,"","","Marathon Runner",1,"","","",""
151,"Bone Greaves α","LEG","Bone α",32,2,0,2,0,2,1,1,0,"","","Stun Resistance",1,"","","",""
152,"Alloy Helm α","HELM","Alloy α",32,-2,1,-2,-2,1,1,1,0,"","","Quick Sheathe",1,"","","",""
153,"Alloy Mail α","BODY","Alloy α",32,-2,1,-2,-2,1,1,0,0,"","","Flinch Free",2,"","","",""
154,"Alloy Vambraces α","ARM","Alloy α",32,-2,1,-2,-2,1,1,1,0,"","","Tremor Resistance",1,"","","",""
155,"Alloy Coil α","WAIST","Alloy α",32,-2,1,-2,-2,1,1,0,0,"","","Tremor Resistance",1,"Quick Sheathe",1,"",""
156,"Alloy Greaves α","LEG","Alloy α",32,-2,1,-2,-2,1,1,0,0,"","","Quick Sheathe",1,"Flinch Free",1,"",""
207,"Quematrice Helm α","HELM","Quematrice α",36,2,-3,0,-1,0,1,0,0,"","Scaling Prowess","Flinch Free",1,"Latent Power",1,"",""
208,"Quematrice Mail α","BODY","Quematrice α",36,2,-3,0,-1,0,0,0,0,"","Scaling Prowess","Fire Resistance",1,"Latent Power",1,"",""
209,"Quematrice Braces α","ARM","Quematrice α",36,2,-3,0,-1,0,1,1,0,"","Scaling Prowess","Flinch Free",1,"Fire Resistance",1,"",""
210,"Quematrice Coil α","WAIST","Quematrice α",36,2,-3,0,-1,0,0,0,0,"","Scaling Prowess","Fire Resistance",1,"Latent Power",1,"",""
211,"Quematrice Greaves α","LEG","Quematrice α",36,2,-3,0,-1,0,1,0,0,"","Scaling Prowess","Flinch Free",1,"Evade Extender",1,"",""
212,"Quematrice Helm β","HELM","Quematrice β",36,2,-3,0,-1,0,2,0,0,"","Scale Layering","Latent Power",1,"","","",""
213,"Quematrice Mail β","BODY","Quematrice β",36,2,-3,0,-1,0,1,0,0,"","Scale Layering","Latent Power",1,"","","",""
214,"Quematrice Braces β","ARM","Quematrice β",36,2,-3,0,-1,0,2,1,0,"","Scale Layering","Flinch Free",1,"","","",""
215,"Quematrice Coil β","WAIST","Quematrice β",36,2,-3,0,-1,0,2,0,0,"","Scale Layering","Fire Resistance",2,"","","",""
216,"Quematrice Greaves β","LEG","Quematrice β",36,2,-3,0,-1,0,1,1,1,"","Scale Layering","Flinch Free",1,"","","",""
217,"Barina Headgear α","HELM","Lala Barina α",36,-3,3,0,0,3,0,0,0,"","Neopteron Alert","Paralysis Resistance",1,"Foray",1,"",""
218,"Barina Mail α","BODY","Lala Barina α",36,-3,3,0,0,3,0,0,0,"","Neopteron Alert","Recovery Up",2,"Evade Window",1,"",""
219,"Barina Vambraces α","ARM","Lala Barina α",36,-3,3,0,0,3,0,0,0,"","Neopteron Alert","Recovery Up",1,"Foray",1,"",""
220,"Barina Coil α","WAIST","Lala Barina α",36,-3,3,0,0,3,2,0,0,"","Neopteron Alert","Paralysis Resistance",2,"","","",""
221,"Barina Greaves α","LEG","Lala Barina α",36,-3,3,0,0,3,0,0,0,"","Neopteron Alert","Evade Window",1,"Foray",1,"",""
222,"Barina Headgear β","HELM","Lala Barina β",36,-3,3,0,0,3,1,0,0,"","Neopteron Camouflage","Foray",1,"","","",""
223,"Barina Mail β","BODY","Lala Barina β",36,-3,3,0,0,3,1,0,0,"","Neopteron Camouflage","Recovery Up",1,"Evade Window",1,"",""
224,"Barina Vambraces β","ARM","Lala Barina β",36,-3,3,0,0,3,2,1,0,"","Neopteron Camouflage","Recovery Up",1,"","","",""
225,"Barina Coil β","WAIST","Lala Barina β",36,-3,3,0,0,3,2,1,0,"","Neopteron Camouflage","Paralysis Resistance",1,"","","",""
226,"Barina Greaves β","LEG","Lala Barina β",36,-3,3,0,0,3,1,1,1,"","Neopteron Camouflage","Evade Window",1,"","","",""
227,"Rompopolo Helm α","HELM","Rompopolo α",36,0,-3,0,0,1,1,1,0,"","Flexible Leathercraft","Wide-Range",2,"","","",""
228,"Rompopolo Mail α","BODY","Rompopolo α",36,0,-3,0,0,1,1,0,0,"","Flexible Leathercraft","Poison Resistance",2,"Wide-Range",1,"",""
229,"Rompopolo Vambraces α","ARM","Rompopolo α",36,0,-3,0,0,1,1,0,0,"","Flexible Leathercraft","Poison Resistance",1,"Earplugs",1,"",""
230,"Rompopolo Coil α","WAIST","Rompopolo α",36,0,-3,0,0,1,0,0,0,"","Flexible Leathercraft","Wide-Range",1,"Foray",1,"",""
231,"Rompopolo Greaves α","LEG","Rompopolo α",36,0,-3,0,0,1,0,0,0,"","Flexible Leathercraft","Wide-Range",2,"Earplugs",1,"",""
232,"Rompopolo Helm β","HELM","Rompopolo β",36,0,-3,0,0,1,2,1,0,"","Buttery Leathercraft","Wide-Range",1,"","","",""
233,"Rompopolo Mail β","BODY","Rompopolo β",36,0,-3,0,0,1,2,0,0,"","Buttery Leathercraft","Poison Resistance",2,"","","",""
234,"Rompopolo Vambraces β","ARM","Rompopolo β",36,0,-3,0,0,1,2,0,0,"","Buttery Leathercraft","Earplugs",1,"","","",""
235,"Rompopolo Coil β","WAIST","Rompopolo β",36,0,-3,0,0,1,1,0,0,"","Buttery Leathercraft","Foray",1,"","","",""
236,"Rompopolo Greaves β","LEG","Rompopolo β",36,0,-3,0,0,1,2,0,0,"","Buttery Leathercraft","Wide-Range",2,"","","",""
237,"Conga Helm α","HELM","Conga α",36,-3,1,1,-1,2,1,0,0,"","Fortifying Pelt","Intimidator",1,"Free Meal",1,"",""
238,"Conga Mail α","BODY","Conga α",36,-3,1,1,-1,2,0,0,0,"","Fortifying Pelt","Intimidator",2,"Burst",1,"",""
239,"Conga Vambraces α","ARM","Conga α",36,-3,1,1,-1,2,0,0,0,"","Fortifying Pelt","Mushroomancer",1,"Speed Eating",1,"",""
240,"Conga Coil α","WAIST","Conga α",36,-3,1,1,-1,2,1,0,0,"","Fortifying Pelt","Mushroomancer",1,"Free Meal",1,"",""
241,"Conga Greaves α","LEG","Conga α",36,-3,1,1,-1,2,0,0,0,"","Fortifying Pelt","Mushroomancer",1,"Burst",1,"",""
242,"Conga Helm β","HELM","Conga β",36,-3,1,1,-1,2,2,0,0,"","Alluring Pelt","Intimidator",1,"","","",""
243,"Conga Mail β","BODY","Conga β",36,-3,1,1,-1,2,1,1,1,"","Alluring Pelt","Intimidator",2,"","","",""
244,"Conga Vambraces β","ARM","Conga β",36,-3,1,1,-1,2,1,0,0,"","Alluring Pelt","Mushroomancer",1,"","","",""
245,"Conga Coil β","WAIST","Conga β",36,-3,1,1,-1,2,2,0,0,"","Alluring Pelt","Mushroomancer",1,"","","",""
246,"Conga Greaves β","LEG","Conga β",36,-3,1,1,-1,2,2,0,0,"","Alluring Pelt","Burst",1,"","","",""
247,"Balahara Helm α","HELM","Balahara α",38,-1,2,-3,1,1,1,0,0,"","Scaling Prowess","Geologist",1,"Evade Window",1,"",""
248,"Balahara Mail α","BODY","Balahara α",38,-1,2,-3,1,1,1,0,0,"","Scaling Prowess","Geologist",1,"Stamina Surge",1,"",""
249,"Balahara Vambraces α","ARM","Balahara α",38,-1,2,-3,1,1,0,0,0,"","Scaling Prowess","Evade Extender",1,"Stamina Surge",1,"",""
250,"Balahara Coil α","WAIST","Balahara α",38,-1,2,-3,1,1,0,0,0,"","Scaling Prowess","Evade Extender",1,"Evade Window",1,"",""
251,"Balahara Greaves α","LEG","Balahara α",38,-1,2,-3,1,1,1,1,0,"","Scaling Prowess","Evade Extender",1,"Geologist",1,"",""
252,"Balahara Helm β","HELM","Balahara β",38,-1,2,-3,1,1,2,0,0,"","Scale Layering","Evade Window",1,"","","",""
253,"Balahara Mail β","BODY","Balahara β",38,-1,2,-3,1,1,1,1,1,"","Scale Layering","Geologist",1,"","","",""
254,"Balahara Vambraces β","ARM","Balahara β",38,-1,2,-3,1,1,2,0,0,"","Scale Layering","Evade Extender",1,"","","",""
255,"Balahara Coil β","WAIST","Balahara β",38,-1,2,-3,1,1,1,1,0,"","Scale Layering","Evade Window",1,"","","",""
256,"Balahara Greaves β","LEG","Balahara β",38,-1,2,-3,1,1,1,1,1,"","Scale Layering","Evade Extender",1,"","","",""
257,"Rathian Helm α","HELM","Rathian α",38,2,0,-2,0,-3,2,0,0,"","Scaling Prowess","Divine Blessing",1,"Recovery Speed",1,"",""
258,"Rathian Mail α","BODY","Rathian α",38,2,0,-2,0,-3,0,0,0,"","Scaling Prowess","Foray",2,"","","",""
259,"Rathian Vambraces α","ARM","Rathian α",38,2,0,-2,0,-3,0,0,0,"","Scaling Prowess","Foray",1,"Divine Blessing",2,"",""
260,"Rathian Coil α","WAIST","Rathian α",38,2,0,-2,0,-3,0,0,0,"","Scaling Prowess","Foray",1,"Tool Specialist",1,"",""
261,"Rathian Greaves α","LEG","Rathian α",38,2,0,-2,0,-3,0,0,0,"","Scaling Prowess","Foray",1,"Recovery Speed",2,"",""
262,"Rathian Helm β","HELM","Rathian β",38,2,0,-2,0,-3,2,1,0,"","Scale Layering","Divine Blessing",1,"","","",""
263,"Rathian Mail β","BODY","Rathian β",38,2,0,-2,0,-3,1,1,1,"","Scale Layering","Foray",1,"","","",""
264,"Rathian Vambraces β","ARM","Rathian β",38,2,0,-2,0,-3,1,0,0,"","Scale Layering","Foray",1,"Divine Blessing",1,"",""
265,"Rathian Coil β","WAIST","Rathian β",38,2,0,-2,0,-3,2,0,0,"","Scale Layering","Foray",1,"","","",""
266,"Rathian Greaves β","LEG","Rathian β",38,2,0,-2,0,-3,1,0,0,"","Scale Layering","Foray",1,"Recovery Speed",1,"",""
267,"Nerscylla Helm α","HELM","Nerscylla α",38,-2,2,-2,1,2,0,0,0,"","Neopteron Alert","Bind Resistance",1,"Poison Resistance",2,"",""
268,"Nerscylla Mail α","BODY","Nerscylla α",38,-2,2,-2,1,2,0,0,0,"","Neopteron Alert","Ambush",1,"Weakness Exploit",1,"",""
269,"Nerscylla Vambraces α","ARM","Nerscylla α",38,-2,2,-2,1,2,1,0,0,"","Neopteron Alert","Ambush",1,"Poison Resistance",1,"",""
270,"Nerscylla Coil α","WAIST","Nerscylla α",38,-2,2,-2,1,2,0,0,0,"","Neopteron Alert","Bind Resistance",1,"Sleep Resistance",2,"",""
271,"Nerscylla Greaves α","LEG","Nerscylla α",38,-2,2,-2,1,2,1,0,0,"","Neopteron Alert","Ambush",1,"Sleep Resistance",1,"",""
272,"Nerscylla Helm β","HELM","Nerscylla β",38,-2,2,-2,1,2,2,0,0,"","Neopteron Camouflage","Bind Resistance",1,"","","",""
273,"Nerscylla Mail β","BODY","Nerscylla β",38,-2,2,-2,1,2,1,1,1,"","Neopteron Camouflage","Ambush",1,"","","",""
274,"Nerscylla Vambraces β","ARM","Nerscylla β",38,-2,2,-2,1,2,2,0,0,"","Neopteron Camouflage","Ambush",1,"","","",""
275,"Nerscylla Coil β","WAIST","Nerscylla β",38,-2,2,-2,1,2,1,1,0,"","Neopteron Camouflage","Bind Resistance",1,"","","",""
276,"Nerscylla Greaves β","LEG","Nerscylla β",38,-2,2,-2,1,2,2,1,0,"","Neopteron Camouflage","Sleep Resistance",1,"","","",""
277,"Doshaguma Helm α","HELM","Doshaguma α",48,-3,2,-1,-1,4,2,1,0,"Doshaguma's Might","Fortifying Pelt","Free Meal",2,"Stun Resistance",1,"",""
278,"Doshaguma Mail α","BODY","Doshaguma α",48,-3,2,-1,-1,4,1,0,0,"Doshaguma's Might","Fortifying Pelt","Latent Power",1,"Stamina Surge",1,"",""
279,"Doshaguma Braces α","ARM","Doshaguma α",48,-3,2,-1,-1,4,2,0,0,"Doshaguma's Might","Fortifying Pelt","Stun Resistance",2,"Stamina Surge",1,"",""
280,"Doshaguma Coil α","WAIST","Doshaguma α",48,-3,2,-1,-1,4,1,0,0,"Doshaguma's Might","Fortifying Pelt","Latent Power",2,"","","",""
281,"Doshaguma Greaves α","LEG","Doshaguma α",48,-3,2,-1,-1,4,2,1,0,"Doshaguma's Might","Fortifying Pelt","Free Meal",1,"Recovery Up",2,"",""
282,"Doshaguma Helm β","HELM","Doshaguma β",48,-3,2,-1,-1,4,2,1,1,"Doshaguma's Might","Alluring Pelt","Free Meal",1,"Stun Resistance",1,"",""
283,"Doshaguma Mail β","BODY","Doshaguma β",48,-3,2,-1,-1,4,1,1,1,"Doshaguma's Might","Alluring Pelt","Latent Power",1,"","","",""
284,"Doshaguma Braces β","ARM","Doshaguma β",48,-3,2,-1,-1,4,2,1,0,"Doshaguma's Might","Alluring Pelt","Stun Resistance",1,"Stamina Surge",1,"",""
285,"Doshaguma Coil β","WAIST","Doshaguma β",48,-3,2,-1,-1,4,2,2,0,"Doshaguma's Might","Alluring Pelt","Latent Power",1,"","","",""
286,"Doshaguma Greaves β","LEG","Doshaguma β",48,-3,2,-1,-1,4,2,1,1,"Doshaguma's Might","Alluring Pelt","Free Meal",1,"Recovery Up",1,"",""
287,"Hirabami Headdress α","HELM","Hirabami α",38,-3,2,-2,3,0,0,0,0,"","Scaling Prowess","Evade Window",1,"Evade Extender",1,"",""
288,"Hirabami Mail α","BODY","Hirabami α",38,-3,2,-2,3,0,1,0,0,"","Scaling Prowess","Ice Resistance",2,"Evade Window",1,"",""
289,"Hirabami Vambraces α","ARM","Hirabami α",38,-3,2,-2,3,0,0,0,0,"","Scaling Prowess","Evade Window",1,"Peak Performance",1,"",""
290,"Hirabami Coil α","WAIST","Hirabami α",38,-3,2,-2,3,0,0,0,0,"","Scaling Prowess","Evade Window",2,"","","",""
291,"Hirabami Greaves α","LEG","Hirabami α",38,-3,2,-2,3,0,1,0,0,"","Scaling Prowess","Ice Resistance",1,"Peak Performance",1,"",""
292,"Hirabami Headdress β","HELM","Hirabami β",38,-3,2,-2,3,0,1,1,0,"","Scale Layering","Evade Window",1,"","","",""
293,"Hirabami Mail β","BODY","Hirabami β",38,-3,2,-2,3,0,2,0,0,"","Scale Layering","Ice Resistance",1,"Evade Window",1,"",""
294,"Hirabami Vambraces β","ARM","Hirabami β",38,-3,2,-2,3,0,1,1,0,"","Scale Layering","Evade Window",1,"","","",""
295,"Hirabami Coil β","WAIST","Hirabami β",38,-3,2,-2,3,0,2,0,0,"","Scale Layering","Evade Window",1,"","","",""
296,"Hirabami Greaves β","LEG","Hirabami β",38,-3,2,-2,3,0,2,0,0,"","Scale Layering","Peak Performance",1,"","","",""
297,"G. Fulgur Helm α","HELM","Guardian Fulgur α",48,-1,-1,2,-3,-2,0,0,0,"Fulgur Anjanath's Will","Guardian's Pulse","Agitator",2,"Coalescence",1,"",""
298,"G. Fulgur Mail α","BODY","Guardian Fulgur α",48,-1,-1,2,-3,-2,2,0,0,"Fulgur Anjanath's Will","Guardian's Pulse","Maximum Might",1,"Coalescence",1,"",""
299,"G. Fulgur Vambraces α","ARM","Guardian Fulgur α",48,-1,-1,2,-3,-2,1,0,0,"Fulgur Anjanath's Will","Guardian's Pulse","Maximum Might",1,"Agitator",1,"",""
300,"G. Fulgur Coil α","WAIST","Guardian Fulgur α",48,-1,-1,2,-3,-2,1,1,0,"Fulgur Anjanath's Will","Guardian's Pulse","Stamina Surge",1,"Maximum Might",1,"",""
301,"G. Fulgur Greaves α","LEG","Guardian Fulgur α",48,-1,-1,2,-3,-2,1,0,0,"Fulgur Anjanath's Will","Guardian's Pulse","Coalescence",1,"Stamina Surge",2,"",""
302,"G. Fulgur Helm β","HELM","Guardian Fulgur β",48,-1,-1,2,-3,-2,2,0,0,"Fulgur Anjanath's Will","Guardian's Protection","Agitator",2,"","","",""
303,"G. Fulgur Mail β","BODY","Guardian Fulgur β",48,-1,-1,2,-3,-2,2,1,1,"Fulgur Anjanath's Will","Guardian's Protection","Maximum Might",1,"","","",""
304,"G. Fulgur Vambraces β","ARM","Guardian Fulgur β",48,-1,-1,2,-3,-2,2,2,0,"Fulgur Anjanath's Will","Guardian's Protection","Maximum Might",1,"","","",""
305,"G. Fulgur Coil β","WAIST","Guardian Fulgur β",48,-1,-1,2,-3,-2,2,2,0,"Fulgur Anjanath's Will","Guardian's Protection","Stamina Surge",1,"","","",""
306,"G. Fulgur Greaves β","LEG","Guardian Fulgur β",48,-1,-1,2,-3,-2,2,1,0,"Fulgur Anjanath's Will","Guardian's Protection","Coalescence",1,"Stamina Surge",1,"",""
307,"Ingot Helm α","HELM","Ingot α",44,-2,0,3,-1,0,2,0,0,"","","Divine Blessing",2,"Resentment",1,"",""
308,"Ingot Mail α","BODY","Ingot α",44,-2,0,3,-1,0,1,1,0,"","","Windproof",1,"Resentment",1,"",""
309,"Ingot Vambraces α","ARM","Ingot α",44,-2,0,3,-1,0,2,0,0,"","","Stun Resistance",2,"Resentment",1,"",""
310,"Ingot Coil α","WAIST","Ingot α",44,-2,0,3,-1,0,1,1,1,"","","Divine Blessing",1,"Resentment",1,"",""
311,"Ingot Greaves α","LEG","Ingot α",44,-2,0,3,-1,0,2,0,0,"","","Windproof",1,"Resentment",1,"",""
312,"G. Seikret Coil α","WAIST","Guardian Seikret α",44,0,0,4,0,-3,1,0,0,"","Guardian's Pulse","Jump Master",1,"Earplugs",2,"",""
313,"G. Seikret Coil β","WAIST","Guardian Seikret β",44,0,0,4,0,-3,2,1,0,"","Guardian's Protection","Jump Master",1,"Earplugs",1,"",""
314,"Ajarakan Helm α","HELM","Ajarakan α",48,3,-3,1,-2,0,1,0,0,"","Fortifying Pelt","Resentment",2,"Bombardier",1,"",""
315,"Ajarakan Mail α","BODY","Ajarakan α",48,3,-3,1,-2,0,1,0,0,"","Fortifying Pelt","Resentment",2,"Blast Resistance",1,"",""
316,"Ajarakan Vambraces α","ARM","Ajarakan α",48,3,-3,1,-2,0,2,0,0,"","Fortifying Pelt","Partbreaker",1,"Bombardier",2,"",""
317,"Ajarakan Coil α","WAIST","Ajarakan α",48,3,-3,1,-2,0,1,0,0,"","Fortifying Pelt","Partbreaker",2,"Blast Resistance",2,"",""
318,"Ajarakan Greaves α","LEG","Ajarakan α",48,3,-3,1,-2,0,0,0,0,"","Fortifying Pelt","Partbreaker",2,"Resentment",1,"",""
319,"Ajarakan Helm β","HELM","Ajarakan β",48,3,-3,1,-2,0,2,1,0,"","Alluring Pelt","Resentment",1,"Bombardier",1,"",""
320,"Ajarakan Mail β","BODY","Ajarakan β",48,3,-3,1,-2,0,2,0,0,"","Alluring Pelt","Resentment",2,"","","",""
321,"Ajarakan Vambraces β","ARM","Ajarakan β",48,3,-3,1,-2,0,2,1,0,"","Alluring Pelt","Partbreaker",1,"Bombardier",1,"",""
322,"Ajarakan Coil β","WAIST","Ajarakan β",48,3,-3,1,-2,0,2,0,0,"","Alluring Pelt","Partbreaker",2,"Blast Resistance",1,"",""
323,"Ajarakan Greaves β","LEG","Ajarakan β",48,3,-3,1,-2,0,1,1,0,"","Alluring Pelt","Partbreaker",2,"","","",""
324,"Blango Helm α","HELM","Blango α",48,-4,1,0,4,0,1,1,0,"Blangonga's Spirit","Fortifying Pelt","Wide-Range",2,"Counterstrike",1,"",""
325,"Blango Mail α","BODY","Blango α",48,-4,1,0,4,0,0,0,0,"Blangonga's Spirit","Fortifying Pelt","Agitator",2,"Item Prolonger",2,"",""
326,"Blango Vambraces α","ARM","Blango α",48,-4,1,0,4,0,2,0,0,"Blangonga's Spirit","Fortifying Pelt","Counterstrike",1,"Palico Rally",2,"",""
327,"Blango Coil α","WAIST","Blango α",48,-4,1,0,4,0,1,0,0,"Blangonga's Spirit","Fortifying Pelt","Agitator",2,"Wide-Range",1,"",""
328,"Blango Greaves α","LEG","Blango α",48,-4,1,0,4,0,1,1,0,"Blangonga's Spirit","Fortifying Pelt","Agitator",1,"Counterstrike",1,"",""
329,"Blango Helm β","HELM","Blango β",48,-4,1,0,4,0,2,1,1,"Blangonga's Spirit","Alluring Pelt","Wide-Range",2,"","","",""
330,"Blango Mail β","BODY","Blango β",48,-4,1,0,4,0,2,0,0,"Blangonga's Spirit","Alluring Pelt","Agitator",2,"","","",""
331,"Blango Vambraces β","ARM","Blango β",48,-4,1,0,4,0,2,2,0,"Blangonga's Spirit","Alluring Pelt","Counterstrike",1,"","","",""
332,"Blango Coil β","WAIST","Blango β",48,-4,1,0,4,0,1,1,0,"Blangonga's Spirit","Alluring Pelt","Agitator",2,"","","",""
333,"Blango Greaves β","LEG","Blango β",48,-4,1,0,4,0,2,2,0,"Blangonga's Spirit","Alluring Pelt","Agitator",1,"","","",""
334,"G. Doshaguma Helm α","HELM","Guardian Doshaguma α",48,-3,2,-1,-2,2,2,1,0,"Doshaguma's Might","Guardian's Pulse","Heroics",1,"Hunger Resistance",2,"",""
335,"G. Doshaguma Mail α","BODY","Guardian Doshaguma α",48,-3,2,-1,-2,2,2,1,0,"Doshaguma's Might","Guardian's Pulse","Constitution",2,"Iron Skin",1,"",""
336,"G. Doshaguma Braces α","ARM","Guardian Doshaguma α",48,-3,2,-1,-2,2,1,1,1,"Doshaguma's Might","Guardian's Pulse","Heroics",1,"Iron Skin",2,"",""
337,"G. Doshaguma Coil α","WAIST","Guardian Doshaguma α",48,-3,2,-1,-2,2,2,0,0,"Doshaguma's Might","Guardian's Pulse","Heroics",2,"Hunger Resistance",1,"",""
338,"G. Doshaguma Greaves α","LEG","Guardian Doshaguma α",48,-3,2,-1,-2,2,2,0,0,"Doshaguma's Might","Guardian's Pulse","Heroics",1,"Constitution",2,"",""
339,"G. Doshaguma Helm β","HELM","Guardian Doshaguma β",48,-3,2,-1,-2,2,2,2,1,"Doshaguma's Might","Guardian's Protection","Heroics",1,"","","",""
340,"G. Doshaguma Mail β","BODY","Guardian Doshaguma β",48,-3,2,-1,-2,2,2,2,0,"Doshaguma's Might","Guardian's Protection","Constitution",2,"","","",""
341,"G. Doshaguma Braces β","ARM","Guardian Doshaguma β",48,-3,2,-1,-2,2,2,2,1,"Doshaguma's Might","Guardian's Protection","Heroics",1,"","","",""
342,"G. Doshaguma Coil β","WAIST","Guardian Doshaguma β",48,-3,2,-1,-2,2,2,1,0,"Doshaguma's Might","Guardian's Protection","Heroics",2,"","","",""
343,"G. Doshaguma Greaves β","LEG","Guardian Doshaguma β",48,-3,2,-1,-2,2,2,1,0,"Doshaguma's Might","Guardian's Protection","Heroics",1,"Constitution",1,"",""
344,"G. Rathalos Helm α","HELM","Guardian Rathalos α",48,3,1,-2,1,-5,1,1,0,"Rathalos's Flare","Guardian's Pulse","Weakness Exploit",1,"Survival Expert",2,"",""
345,"G. Rathalos Mail α","BODY","Guardian Rathalos α",48,3,1,-2,1,-5,1,0,0,"Rathalos's Flare","Guardian's Pulse","Weakness Exploit",1,"Intimidator",2,"",""
346,"G. Rathalos Vambraces α","ARM","Guardian Rathalos α",48,3,1,-2,1,-5,2,0,0,"Rathalos's Flare","Guardian's Pulse","Weakness Exploit",1,"Intimidator",1,"Survival Expert",1
347,"G. Rathalos Coil α","WAIST","Guardian Rathalos α",48,3,1,-2,1,-5,1,1,0,"Rathalos's Flare","Guardian's Pulse","Weakness Exploit",1,"Windproof",1,"",""
348,"G. Rathalos Greaves α","LEG","Guardian Rathalos α",48,3,1,-2,1,-5,1,0,0,"Rathalos's Flare","Guardian's Pulse","Weakness Exploit",1,"Windproof",2,"",""
349,"G. Rathalos Helm β","HELM","Guardian Rathalos β",48,3,1,-2,1,-5,2,2,0,"Rathalos's Flare","Guardian's Protection","Weakness Exploit",1,"","","",""
350,"G. Rathalos Mail β","BODY","Guardian Rathalos β",48,3,1,-2,1,-5,2,0,0,"Rathalos's Flare","Guardian's Protection","Weakness Exploit",1,"Intimidator",1,"",""
351,"G. Rathalos Vambraces β","ARM","Guardian Rathalos β",48,3,1,-2,1,-5,2,1,1,"Rathalos's Flare","Guardian's Protection","Weakness Exploit",1,"","","",""
352,"G. Rathalos Coil β","WAIST","Guardian Rathalos β",48,3,1,-2,1,-5,2,2,1,"Rathalos's Flare","Guardian's Protection","Windproof",1,"","","",""
353,"G. Rathalos Greaves β","LEG","Guardian Rathalos β",48,3,1,-2,1,-5,2,0,0,"Rathalos's Flare","Guardian's Protection","Weakness Exploit",1,"Windproof",1,"",""
354,"Gravios Helm α","HELM","Gravios α",52,4,-3,1,0,-2,2,1,0,"Gravios's Protection","Scaling Prowess","Peak Performance",1,"Tremor Resistance",1,"",""
355,"Gravios Mail α","BODY","Gravios α",52,4,-3,1,0,-2,2,1,0,"Gravios's Protection","Scaling Prowess","Peak Performance",1,"Recovery Speed",2,"",""
356,"Gravios Vambraces α","ARM","Gravios α",52,4,-3,1,0,-2,1,0,0,"Gravios's Protection","Scaling Prowess","Peak Performance",2,"Flinch Free",1,"",""
357,"Gravios Coil α","WAIST","Gravios α",52,4,-3,1,0,-2,2,0,0,"Gravios's Protection","Scaling Prowess","Peak Performance",1,"Flinch Free",2,"",""
358,"Gravios Greaves α","LEG","Gravios α",52,4,-3,1,0,-2,2,1,0,"Gravios's Protection","Scaling Prowess","Tremor Resistance",2,"Recovery Speed",1,"",""
359,"Gravios Helm β","HELM","Gravios β",52,4,-3,1,0,-2,2,2,0,"Gravios's Protection","Scale Layering","Peak Performance",1,"","","",""
360,"Gravios Mail β","BODY","Gravios β",52,4,-3,1,0,-2,2,2,0,"Gravios's Protection","Scale Layering","Peak Performance",1,"Recovery Speed",1,"",""
361,"Gravios Vambraces β","ARM","Gravios β",52,4,-3,1,0,-2,2,0,0,"Gravios's Protection","Scale Layering","Peak Performance",2,"","","",""
362,"Gravios Coil β","WAIST","Gravios β",52,4,-3,1,0,-2,2,1,0,"Gravios's Protection","Scale Layering","Peak Performance",1,"Flinch Free",1,"",""
363,"Gravios Greaves β","LEG","Gravios β",52,4,-3,1,0,-2,2,2,0,"Gravios's Protection","Scale Layering","Tremor Resistance",1,"Recovery Speed",1,"",""
364,"G. Ebony Helm α","HELM","Guardian Ebony α",48,-2,-3,-2,-2,4,0,0,0,"Ebony Odogaron's Power","Guardian's Pulse","Burst",2,"Earplugs",1,"",""
365,"G. Ebony Mail α","BODY","Guardian Ebony α",48,-2,-3,-2,-2,4,2,0,0,"Ebony Odogaron's Power","Guardian's Pulse","Earplugs",1,"Bleeding Resistance",2,"",""
366,"G. Ebony Braces α","ARM","Guardian Ebony α",48,-2,-3,-2,-2,4,0,0,0,"Ebony Odogaron's Power","Guardian's Pulse","Burst",2,"Divine Blessing",1,"",""
367,"G. Ebony Coil α","WAIST","Guardian Ebony α",48,-2,-3,-2,-2,4,2,0,0,"Ebony Odogaron's Power","Guardian's Pulse","Burst",1,"Bleeding Resistance",1,"",""
368,"G. Ebony Greaves α","LEG","Guardian Ebony α",48,-2,-3,-2,-2,4,2,0,0,"Ebony Odogaron's Power","Guardian's Pulse","Earplugs",1,"Divine Blessing",2,"",""
369,"G. Ebony Helm β","HELM","Guardian Ebony β",48,-2,-3,-2,-2,4,2,0,0,"Ebony Odogaron's Power","Guardian's Protection","Burst",2,"","","",""
370,"G. Ebony Mail β","BODY","Guardian Ebony β",48,-2,-3,-2,-2,4,2,2,0,"Ebony Odogaron's Power","Guardian's Protection","Earplugs",1,"","","",""
371,"G. Ebony Braces β","ARM","Guardian Ebony β",48,-2,-3,-2,-2,4,2,1,0,"Ebony Odogaron's Power","Guardian's Protection","Burst",1,"Divine Blessing",1,"",""
372,"G. Ebony Coil β","WAIST","Guardian Ebony β",48,-2,-3,-2,-2,4,2,1,0,"Ebony Odogaron's Power","Guardian's Protection","Burst",1,"","","",""
373,"G. Ebony Greaves β","LEG","Guardian Ebony β",48,-2,-3,-2,-2,4,2,1,0,"Ebony Odogaron's Power","Guardian's Protection","Earplugs",1,"Divine Blessing",1,"",""
374,"Rathalos Helm α","HELM","Rathalos α",48,3,1,-2,1,-3,1,1,0,"Rathalos's Flare","Scaling Prowess","Evade Window",2,"Constitution",1,"",""
375,"Rathalos Mail α","BODY","Rathalos α",48,3,1,-2,1,-3,1,0,0,"Rathalos's Flare","Scaling Prowess","Adrenaline Rush",2,"Constitution",1,"",""
376,"Rathalos Vambraces α","ARM","Rathalos α",48,3,1,-2,1,-3,1,1,0,"Rathalos's Flare","Scaling Prowess","Constitution",2,"Evade Window",1,"",""
377,"Rathalos Coil α","WAIST","Rathalos α",48,3,1,-2,1,-3,0,0,0,"Rathalos's Flare","Scaling Prowess","Adrenaline Rush",2,"Evade Window",1,"",""
378,"Rathalos Greaves α","LEG","Rathalos α",48,3,1,-2,1,-3,2,0,0,"Rathalos's Flare","Scaling Prowess","Evade Window",2,"Adrenaline Rush",1,"",""
379,"Rathalos Helm β","HELM","Rathalos β",48,3,1,-2,1,-3,2,2,0,"Rathalos's Flare","Scale Layering","Evade Window",1,"Constitution",1,"",""
380,"Rathalos Mail β","BODY","Rathalos β",48,3,1,-2,1,-3,1,1,0,"Rathalos's Flare","Scale Layering","Adrenaline Rush",2,"","","",""
381,"Rathalos Vambraces β","ARM","Rathalos β",48,3,1,-2,1,-3,2,1,1,"Rathalos's Flare","Scale Layering","Constitution",2,"","","",""
382,"Rathalos Coil β","WAIST","Rathalos β",48,3,1,-2,1,-3,2,0,0,"Rathalos's Flare","Scale Layering","Adrenaline Rush",2,"","","",""
383,"Rathalos Greaves β","LEG","Rathalos β",48,3,1,-2,1,-3,2,2,1,"Rathalos's Flare","Scale Layering","Evade Window",2,"","","",""
384,"Xu Wu Helm α","HELM","Xu Wu α",48,1,1,1,-3,2,1,0,0,"Xu Wu's Vigor","Flexible Leathercraft","Adrenaline Rush",2,"Ambush",1,"",""
385,"Xu Wu Mail α","BODY","Xu Wu α",48,1,1,1,-3,2,0,0,0,"Xu Wu's Vigor","Flexible Leathercraft","Heroics",3,"Ambush",1,"",""
386,"Xu Wu Vambraces α","ARM","Xu Wu α",48,1,1,1,-3,2,2,1,0,"Xu Wu's Vigor","Flexible Leathercraft","Earplugs",2,"","","",""
387,"Xu Wu Coil α","WAIST","Xu Wu α",48,1,1,1,-3,2,2,0,0,"Xu Wu's Vigor","Flexible Leathercraft","Earplugs",1,"Heroics",2,"",""
388,"Xu Wu Greaves α","LEG","Xu Wu α",48,1,1,1,-3,2,2,1,0,"Xu Wu's Vigor","Flexible Leathercraft","Adrenaline Rush",1,"Ambush",1,"",""
389,"Xu Wu Helm β","HELM","Xu Wu β",48,1,1,1,-3,2,2,1,0,"Xu Wu's Vigor","Buttery Leathercraft","Adrenaline Rush",2,"","","",""
390,"Xu Wu Mail β","BODY","Xu Wu β",48,1,1,1,-3,2,1,1,0,"Xu Wu's Vigor","Buttery Leathercraft","Heroics",3,"","","",""
391,"Xu Wu Vambraces β","ARM","Xu Wu β",48,1,1,1,-3,2,2,2,1,"Xu Wu's Vigor","Buttery Leathercraft","Earplugs",1,"","","",""
392,"Xu Wu Coil β","WAIST","Xu Wu β",48,1,1,1,-3,2,2,1,1,"Xu Wu's Vigor","Buttery Leathercraft","Earplugs",1,"Heroics",1,"",""
393,"Xu Wu Greaves β","LEG","Xu Wu β",48,1,1,1,-3,2,2,2,1,"Xu Wu's Vigor","Buttery Leathercraft","Adrenaline Rush",1,"","","",""
394,"Dober Helm α","HELM","Dober α",56,-2,0,-1,-1,4,3,0,0,"","","Constitution",1,"Stamina Surge",1,"",""
395,"Dober Mail α","BODY","Dober α",56,-2,0,-1,-1,4,3,2,0,"","","Constitution",1,"Marathon Runner",1,"",""
396,"Dober Vambraces α","ARM","Dober α",56,-2,0,-1,-1,4,3,0,0,"","","Constitution",1,"Stamina Surge",2,"",""
397,"Dober Coil α","WAIST","Dober α",56,-2,0,-1,-1,4,3,1,0,"","","Constitution",1,"Marathon Runner",2,"",""
398,"Dober Greaves α","LEG","Dober α",56,-2,0,-1,-1,4,2,2,0,"","","Constitution",1,"Mushroomancer",2,"",""
399,"Damascus Helm α","HELM","Damascus α",56,4,-2,0,0,0,3,1,0,"","","Wide-Range",1,"Divine Blessing",2,"",""
400,"Damascus Mail α","BODY","Damascus α",56,4,-2,0,0,0,2,2,0,"","","Wide-Range",1,"Recovery Up",2,"",""
401,"Damascus Vambraces α","ARM","Damascus α",56,4,-2,0,0,0,3,1,0,"","","Wide-Range",1,"Divine Blessing",1,"",""
402,"Damascus Coil α","WAIST","Damascus α",56,4,-2,0,0,0,3,2,0,"","","Wide-Range",1,"Recovery Up",1,"",""
403,"Damascus Greaves α","LEG","Damascus α",56,4,-2,0,0,0,3,0,0,"","","Wide-Range",1,"Item Prolonger",2,"",""
404,"Dahaad Shardhelm α","HELM","Dahaad α",60,-3,2,-1,2,-1,1,0,0,"Jin Dahaad's Revolt","Lord's Favor","Agitator",1,"Weakness Exploit",1,"",""
405,"Dahaad Shardmail α","BODY","Dahaad α",60,-3,2,-1,2,-1,3,1,0,"Jin Dahaad's Revolt","Lord's Favor","Adaptability",1,"Bind Resistance",2,"",""
406,"Dahaad Shardbraces α","ARM","Dahaad α",60,-3,2,-1,2,-1,0,0,0,"Jin Dahaad's Revolt","Lord's Favor","Agitator",2,"Adaptability",1,"",""
407,"Dahaad Shardcoil α","WAIST","Dahaad α",60,-3,2,-1,2,-1,1,1,0,"Jin Dahaad's Revolt","Lord's Favor","Weakness Exploit",1,"Tremor Resistance",2,"",""
408,"Dahaad Shardgreaves α","LEG","Dahaad α",60,-3,2,-1,2,-1,1,0,0,"Jin Dahaad's Revolt","Lord's Favor","Agitator",2,"Tremor Resistance",1,"",""
409,"Dahaad Shardhelm β","HELM","Dahaad β",60,-3,2,-1,2,-1,2,2,0,"Jin Dahaad's Revolt","Lord's Fury","Agitator",1,"","","",""
410,"Dahaad Shardmail β","BODY","Dahaad β",60,-3,2,-1,2,-1,3,2,0,"Jin Dahaad's Revolt","Lord's Fury","Adaptability",1,"Bind Resistance",1,"",""
411,"Dahaad Shardbraces β","ARM","Dahaad β",60,-3,2,-1,2,-1,3,0,0,"Jin Dahaad's Revolt","Lord's Fury","Agitator",1,"Adaptability",1,"",""
412,"Dahaad Shardcoil β","WAIST","Dahaad β",60,-3,2,-1,2,-1,1,1,1,"Jin Dahaad's Revolt","Lord's Fury","Weakness Exploit",1,"Tremor Resistance",1,"",""
413,"Dahaad Shardgreaves β","LEG","Dahaad β",60,-3,2,-1,2,-1,2,0,0,"Jin Dahaad's Revolt","Lord's Fury","Agitator",2,"","","",""
414,"Rey Sandhelm α","HELM","Rey Dau α",60,0,-2,4,-3,0,0,0,0,"Rey Dau's Voltage","Lord's Favor","Latent Power",2,"Evade Extender",1,"",""
415,"Rey Sandmail α","BODY","Rey Dau α",60,0,-2,4,-3,0,1,1,0,"Rey Dau's Voltage","Lord's Favor","Maximum Might",2,"Stamina Surge",1,"",""
416,"Rey Sandbraces α","ARM","Rey Dau α",60,0,-2,4,-3,0,2,0,0,"Rey Dau's Voltage","Lord's Favor","Latent Power",2,"Stun Resistance",1,"",""
417,"Rey Sandcoil α","WAIST","Rey Dau α",60,0,-2,4,-3,0,2,0,0,"Rey Dau's Voltage","Lord's Favor","Stamina Surge",2,"Stun Resistance",2,"",""
418,"Rey Sandgreaves α","LEG","Rey Dau α",60,0,-2,4,-3,0,3,0,0,"Rey Dau's Voltage","Lord's Favor","Latent Power",1,"Maximum Might",1,"",""
419,"Rey Sandhelm β","HELM","Rey Dau β",60,0,-2,4,-3,0,3,0,0,"Rey Dau's Voltage","Lord's Fury","Latent Power",1,"Evade Extender",1,"",""
420,"Rey Sandmail β","BODY","Rey Dau β",60,0,-2,4,-3,0,2,1,1,"Rey Dau's Voltage","Lord's Fury","Maximum Might",1,"Stamina Surge",1,"",""
421,"Rey Sandbraces β","ARM","Rey Dau β",60,0,-2,4,-3,0,3,0,0,"Rey Dau's Voltage","Lord's Fury","Latent Power",2,"","","",""
422,"Rey Sandcoil β","WAIST","Rey Dau β",60,0,-2,4,-3,0,3,1,0,"Rey Dau's Voltage","Lord's Fury","Stamina Surge",1,"Stun Resistance",2,"",""
423,"Rey Sandgreaves β","LEG","Rey Dau β",60,0,-2,4,-3,0,3,1,1,"Rey Dau's Voltage","Lord's Fury","Latent Power",1,"","","",""
424,"Duna Wildhelm α","HELM","Uth Duna α",60,-1,4,-3,0,0,2,1,0,"Uth Duna's Cover","Lord's Favor","Tool Specialist",2,"Earplugs",1,"",""
425,"Duna Wildmail α","BODY","Uth Duna α",60,-1,4,-3,0,0,3,0,0,"Uth Duna's Cover","Lord's Favor","Tool Specialist",2,"Aquatic/Oilsilt Mobility",1,"",""
426,"Duna Wildbraces α","ARM","Uth Duna α",60,-1,4,-3,0,0,2,1,0,"Uth Duna's Cover","Lord's Favor","Peak Performance",2,"Quick Sheathe",1,"",""
427,"Duna Wildcoil α","WAIST","Uth Duna α",60,-1,4,-3,0,0,2,1,0,"Uth Duna's Cover","Lord's Favor","Peak Performance",2,"Aquatic/Oilsilt Mobility",1,"",""
428,"Duna Wildgreaves α","LEG","Uth Duna α",60,-1,4,-3,0,0,3,0,0,"Uth Duna's Cover","Lord's Favor","Peak Performance",1,"Tool Specialist",1,"",""
429,"Duna Wildhelm β","HELM","Uth Duna β",60,-1,4,-3,0,0,3,2,0,"Uth Duna's Cover","Lord's Fury","Tool Specialist",1,"Earplugs",1,"",""
430,"Duna Wildmail β","BODY","Uth Duna β",60,-1,4,-3,0,0,3,1,0,"Uth Duna's Cover","Lord's Fury","Tool Specialist",2,"","","",""
431,"Duna Wildbraces β","ARM","Uth Duna β",60,-1,4,-3,0,0,3,1,1,"Uth Duna's Cover","Lord's Fury","Peak Performance",1,"Quick Sheathe",1,"",""
432,"Duna Wildcoil β","WAIST","Uth Duna β",60,-1,4,-3,0,0,3,1,0,"Uth Duna's Cover","Lord's Fury","Peak Performance",2,"","","",""
433,"Duna Wildgreaves β","LEG","Uth Duna β",60,-1,4,-3,0,0,3,1,1,"Uth Duna's Cover","Lord's Fury","Peak Performance",1,"","","",""
434,"Udra Mirehelm α","HELM","Nu Udra α",60,5,-4,0,1,0,1,1,0,"Nu Udra's Mutiny","Lord's Favor","Resentment",2,"Counterstrike",1,"",""
435,"Udra Miremail α","BODY","Nu Udra α",60,5,-4,0,1,0,1,1,0,"Nu Udra's Mutiny","Lord's Favor","Resentment",1,"Burst",1,"",""
436,"Udra Mirebraces α","ARM","Nu Udra α",60,5,-4,0,1,0,2,0,0,"Nu Udra's Mutiny","Lord's Favor","Speed Eating",2,"Counterstrike",2,"",""
437,"Udra Mirecoil α","WAIST","Nu Udra α",60,5,-4,0,1,0,2,0,0,"Nu Udra's Mutiny","Lord's Favor","Resentment",2,"Speed Eating",1,"",""
438,"Udra Miregreaves α","LEG","Nu Udra α",60,5,-4,0,1,0,3,0,0,"Nu Udra's Mutiny","Lord's Favor","Burst",1,"Windproof",2,"",""
439,"Udra Mirehelm β","HELM","Nu Udra β",60,5,-4,0,1,0,2,2,0,"Nu Udra's Mutiny","Lord's Fury","Resentment",1,"Counterstrike",1,"",""
440,"Udra Miremail β","BODY","Nu Udra β",60,5,-4,0,1,0,3,1,1,"Nu Udra's Mutiny","Lord's Fury","Resentment",1,"","","",""
441,"Udra Mirebraces β","ARM","Nu Udra β",60,5,-4,0,1,0,3,1,0,"Nu Udra's Mutiny","Lord's Fury","Speed Eating",2,"Counterstrike",1,"",""
442,"Udra Mirecoil β","WAIST","Nu Udra β",60,5,-4,0,1,0,3,0,0,"Nu Udra's Mutiny","Lord's Fury","Resentment",2,"","","",""
443,"Udra Miregreaves β","LEG","Nu Udra β",60,5,-4,0,1,0,3,1,0,"Nu Udra's Mutiny","Lord's Fury","Burst",1,"Windproof",1,"",""
444,"Gore Helm α","HELM","Gore α",60,-2,3,-1,2,-1,2,0,0,"Gore Magala's Tyranny","Scaling Prowess","Evade Window",2,"Coalescence",1,"",""
445,"Gore Mail α","BODY","Gore α",60,-2,3,-1,2,-1,3,0,0,"Gore Magala's Tyranny","Scaling Prowess","Evade Window",2,"Antivirus",1,"",""
446,"Gore Vambraces α","ARM","Gore α",60,-2,3,-1,2,-1,2,1,0,"Gore Magala's Tyranny","Scaling Prowess","Evade Window",1,"Constitution",2,"",""
447,"Gore Coil α","WAIST","Gore α",60,-2,3,-1,2,-1,3,1,0,"Gore Magala's Tyranny","Scaling Prowess","Constitution",2,"Antivirus",1,"",""
448,"Gore Greaves α","LEG","Gore α",60,-2,3,-1,2,-1,3,1,0,"Gore Magala's Tyranny","Scaling Prowess","Antivirus",1,"Flinch Free",2,"",""
449,"Gore Helm β","HELM","Gore β",60,-2,3,-1,2,-1,3,1,0,"Gore Magala's Tyranny","Scale Layering","Evade Window",1,"Coalescence",1,"",""
450,"Gore Mail β","BODY","Gore β",60,-2,3,-1,2,-1,3,1,0,"Gore Magala's Tyranny","Scale Layering","Evade Window",2,"","","",""
451,"Gore Vambraces β","ARM","Gore β",60,-2,3,-1,2,-1,2,2,0,"Gore Magala's Tyranny","Scale Layering","Evade Window",1,"Constitution",1,"",""
452,"Gore Coil β","WAIST","Gore β",60,-2,3,-1,2,-1,3,2,0,"Gore Magala's Tyranny","Scale Layering","Constitution",2,"","","",""
453,"Gore Greaves β","LEG","Gore β",60,-2,3,-1,2,-1,3,1,1,"Gore Magala's Tyranny","Scale Layering","Antivirus",1,"Flinch Free",1,"",""
454,"Arkvulcan Helm α","HELM","Arkveld α",66,2,0,-1,0,-3,0,0,0,"Arkveld's Hunger","Fortifying Pelt","Convert Element",1,"Elemental Absorption",2,"",""
455,"Arkvulcan Mail α","BODY","Arkveld α",66,2,0,-1,0,-3,2,0,0,"Arkveld's Hunger","Fortifying Pelt","Weakness Exploit",1,"Elemental Absorption",1,"",""
456,"Arkvulcan Vambraces α","ARM","Arkveld α",66,2,0,-1,0,-3,2,2,0,"Arkveld's Hunger","Fortifying Pelt","Convert Element",1,"Recovery Speed",1,"",""
457,"Arkvulcan Coil α","WAIST","Arkveld α",66,2,0,-1,0,-3,1,0,0,"Arkveld's Hunger","Fortifying Pelt","Weakness Exploit",2,"Recovery Speed",2,"",""
458,"Arkvulcan Greaves α","LEG","Arkveld α",66,2,0,-1,0,-3,2,1,0,"Arkveld's Hunger","Fortifying Pelt","Convert Element",1,"Quick Sheathe",2,"",""
459,"Arkvulcan Helm β","HELM","Arkveld β",66,2,0,-1,0,-3,3,2,1,"Arkveld's Hunger","Alluring Pelt","Convert Element",1,"","","",""
460,"Arkvulcan Mail β","BODY","Arkveld β",66,2,0,-1,0,-3,3,2,0,"Arkveld's Hunger","Alluring Pelt","Weakness Exploit",1,"","","",""
461,"Arkvulcan Vambraces β","ARM","Arkveld β",66,2,0,-1,0,-3,2,2,1,"Arkveld's Hunger","Alluring Pelt","Convert Element",1,"","","",""
462,"Arkvulcan Coil β","WAIST","Arkveld β",66,2,0,-1,0,-3,1,1,0,"Arkveld's Hunger","Alluring Pelt","Weakness Exploit",2,"Recovery Speed",1,"",""
463,"Arkvulcan Greaves β","LEG","Arkveld β",66,2,0,-1,0,-3,3,1,0,"Arkveld's Hunger","Alluring Pelt","Convert Element",1,"Quick Sheathe",1,"",""
464,"G. Arkveld Helm α","HELM","Guardian Arkveld α",66,2,0,-1,0,-4,1,1,0,"Guardian Arkveld's Vitality","Guardian's Pulse","Flayer",1,"Partbreaker",2,"",""
465,"G. Arkveld Mail α","BODY","Guardian Arkveld α",66,2,0,-1,0,-4,0,0,0,"Guardian Arkveld's Vitality","Guardian's Pulse","Flayer",2,"Blight Resistance",2,"",""
466,"G. Arkveld Vambraces α","ARM","Guardian Arkveld α",66,2,0,-1,0,-4,1,0,0,"Guardian Arkveld's Vitality","Guardian's Pulse","Weakness Exploit",2,"Blight Resistance",1,"",""
467,"G. Arkveld Coil α","WAIST","Guardian Arkveld α",66,2,0,-1,0,-4,0,0,0,"Guardian Arkveld's Vitality","Guardian's Pulse","Flayer",2,"Elemental Absorption",1,"",""
468,"G. Arkveld Greaves α","LEG","Guardian Arkveld α",66,2,0,-1,0,-4,0,0,0,"Guardian Arkveld's Vitality","Guardian's Pulse","Elemental Absorption",2,"Weakness Exploit",1,"",""
469,"G. Arkveld Helm β","HELM","Guardian Arkveld β",66,2,0,-1,0,-4,3,1,0,"Guardian Arkveld's Vitality","Guardian's Protection","Flayer",1,"Partbreaker",1,"",""
470,"G. Arkveld Mail β","BODY","Guardian Arkveld β",66,2,0,-1,0,-4,3,0,0,"Guardian Arkveld's Vitality","Guardian's Protection","Flayer",1,"Blight Resistance",2,"",""
471,"G. Arkveld Vambraces β","ARM","Guardian Arkveld β",66,2,0,-1,0,-4,1,1,1,"Guardian Arkveld's Vitality","Guardian's Protection","Weakness Exploit",2,"","","",""
472,"G. Arkveld Coil β","WAIST","Guardian Arkveld β",66,2,0,-1,0,-4,2,1,0,"Guardian Arkveld's Vitality","Guardian's Protection","Flayer",2,"","","",""
473,"G. Arkveld Greaves β","LEG","Guardian Arkveld β",66,2,0,-1,0,-4,2,1,0,"Guardian Arkveld's Vitality","Guardian's Protection","Elemental Absorption",1,"Weakness Exploit",1,"",""
474,"Kunafa Headgear α","HELM","Kunafa α",44,1,1,4,1,1,2,0,0,"","Imparted Wisdom","Wide-Range",2,"Palico Rally",1,"",""
475,"Kunafa Cloak α","BODY","Kunafa α",44,1,1,4,1,1,2,0,0,"","Imparted Wisdom","Free Meal",2,"Palico Rally",1,"",""
476,"Kunafa Sash α","WAIST","Kunafa α",44,1,1,4,1,1,2,0,0,"","Imparted Wisdom","Speed Eating",2,"Palico Rally",1,"",""
477,"Kunafa Chaps α","LEG","Kunafa α",44,1,1,4,1,1,2,0,0,"","Imparted Wisdom","Wide-Range",2,"Palico Rally",1,"",""
478,"Azuz Headdress α","HELM","Azuz α",44,4,1,1,1,1,2,0,0,"","Imparted Wisdom","Maximum Might",2,"","","",""
479,"Azuz Apron α","BODY","Azuz α",44,4,1,1,1,1,1,1,0,"","Imparted Wisdom","Heroics",3,"","","",""
480,"Azuz Pants α","LEG","Azuz α",44,4,1,1,1,1,2,1,1,"","Imparted Wisdom","Geologist",3,"","","",""
481,"Suja Sash α","WAIST","Suja α",44,1,1,1,4,1,2,1,1,"","Imparted Wisdom","Divine Blessing",3,"","","",""
482,"Sild Hood α","HELM","Sild α",44,1,1,1,1,4,2,1,1,"","Imparted Wisdom","Botanist",3,"","","",""
483,"Sild Coat α","BODY","Sild α",44,1,1,1,1,4,2,0,0,"","Imparted Wisdom","Wide-Range",4,"","","",""
484,"Death Stench Brain α","HELM","Death Stench α",44,3,2,-2,3,4,2,0,0,"","Imparted Wisdom","Resentment",1,"Ambush",1,"",""
485,"Death Stench Muscle α","BODY","Death Stench α",44,3,2,-2,3,4,2,0,0,"","Imparted Wisdom","Resentment",1,"Ambush",1,"",""
486,"Death Stench Grip α","ARM","Death Stench α",44,3,2,-2,3,4,2,0,0,"","Imparted Wisdom","Resentment",1,"Ambush",1,"",""
487,"Death Stench Bowels α","WAIST","Death Stench α",44,3,2,-2,3,4,2,1,0,"","Imparted Wisdom","Resentment",1,"Intimidator",2,"",""
488,"Death Stench Heel α","LEG","Death Stench α",44,3,2,-2,3,4,2,1,0,"","Imparted Wisdom","Resentment",1,"Stun Resistance",2,"",""
489,"Butterfly Vertex α","HELM","Butterfly α",44,-1,-1,2,0,2,2,0,0,"","Imparted Wisdom","Constitution",1,"Evade Window",1,"Evade Extender",1
490,"Butterfly Thorax α","BODY","Butterfly α",44,-1,-1,2,0,2,2,0,0,"","Imparted Wisdom","Constitution",1,"Evade Window",1,"Evade Extender",1
491,"Butterfly Brachia α","ARM","Butterfly α",44,-1,-1,2,0,2,2,0,0,"","Imparted Wisdom","Constitution",1,"Evade Window",1,"Recovery Speed",2
492,"Butterfly Elytra α","WAIST","Butterfly α",44,-1,-1,2,0,2,2,0,0,"","Imparted Wisdom","Constitution",1,"Evade Window",1,"Evade Extender",1
493,"Butterfly Crura α","LEG","Butterfly α",44,-1,-1,2,0,2,2,0,0,"","Imparted Wisdom","Constitution",1,"Evade Window",1,"Recovery Up",2
494,"King Beetle Vertex α","HELM","King Beetle α",44,-1,-1,2,0,2,2,0,0,"","Imparted Wisdom","Heroics",1,"Foray",1,"Sleep Resistance",1
495,"King Beetle Thorax α","BODY","King Beetle α",44,-1,-1,2,0,2,2,0,0,"","Imparted Wisdom","Heroics",1,"Foray",1,"Paralysis Resistance",1
496,"King Beetle Brachia α","ARM","King Beetle α",44,-1,-1,2,0,2,2,0,0,"","Imparted Wisdom","Heroics",1,"Foray",1,"Poison Resistance",1
497,"King Beetle Elytra α","WAIST","King Beetle α",44,-1,-1,2,0,2,2,0,0,"","Imparted Wisdom","Heroics",1,"Flayer",1,"Paralysis Resistance",1
498,"King Beetle Crura α","LEG","King Beetle α",44,-1,-1,2,0,2,2,0,0,"","Imparted Wisdom","Heroics",1,"Flayer",1,"Poison Resistance",1
499,"High Metal Helm α","HELM","High Metal α",44,0,-1,-2,3,0,2,0,0,"","Imparted Wisdom","Stun Resistance",3,"Partbreaker",1,"",""
500,"High Metal Mail α","BODY","High Metal α",44,0,-1,-2,3,0,2,0,0,"","Imparted Wisdom","Iron Skin",3,"Partbreaker",1,"",""
501,"High Metal Braces α","ARM","High Metal α",44,0,-1,-2,3,0,2,0,0,"","Imparted Wisdom","Blast Resistance",3,"Partbreaker",1,"",""
502,"High Metal Coil α","WAIST","High Metal α",44,0,-1,-2,3,0,2,0,0,"","Imparted Wisdom","Bombardier",3,"Aquatic/Oilsilt Mobility",2,"",""
503,"High Metal Greaves α","LEG","High Metal α",44,0,-1,-2,3,0,2,0,0,"","Imparted Wisdom","Flinch Free",3,"Bleeding Resistance",3,"",""
504,"Battle Helm α","HELM","Battle α",44,2,-1,-1,0,0,2,0,0,"","Imparted Wisdom","Stamina Surge",2,"","","",""
505,"Battle Mail α","BODY","Battle α",44,2,-1,-1,0,0,2,0,0,"","Imparted Wisdom","Hunger Resistance",3,"Sleep Resistance",2,"",""
506,"Battle Vambraces α","ARM","Battle α",44,2,-1,-1,0,0,2,0,0,"","Imparted Wisdom","Free Meal",3,"","","",""
507,"Battle Coil α","WAIST","Battle α",44,2,-1,-1,0,0,2,0,0,"","Imparted Wisdom","Item Prolonger",3,"Bind Resistance",2,"",""
508,"Battle Greaves α","LEG","Battle α",44,2,-1,-1,0,0,2,0,0,"","Imparted Wisdom","Marathon Runner",3,"Constitution",2,"",""
509,"Melahoa Hat α","HELM","Melahoa α",44,0,1,3,0,0,2,0,0,"","Imparted Wisdom","Survival Expert",3,"Poison Resistance",2,"",""
510,"Melahoa Jacket α","BODY","Melahoa α",44,0,1,3,0,0,2,0,0,"","Imparted Wisdom","Tool Specialist",3,"","","",""
511,"Melahoa Branch α","ARM","Melahoa α",44,0,1,3,0,0,2,0,0,"","Imparted Wisdom","Recovery Speed",3,"Paralysis Resistance",2,"",""
512,"Melahoa Folia α","WAIST","Melahoa α",44,0,1,3,0,0,2,0,0,"","Imparted Wisdom","Recovery Up",3,"Bleeding Resistance",2,"",""
513,"Melahoa Roots α","LEG","Melahoa α",44,0,1,3,0,0,2,0,0,"","Imparted Wisdom","Mushroomancer",3,"","","",""
519,"Artian Helm α","HELM","Artian α",44,1,-2,-2,2,3,2,1,0,"","Guardian's Protection","Flayer",1,"Earplugs",1,"",""
520,"Artian Mail α","BODY","Artian α",44,1,-2,-2,2,3,2,1,1,"","Guardian's Protection","Flayer",1,"Adaptability",1,"",""
521,"Artian Vambraces α","ARM","Artian α",44,1,-2,-2,2,3,2,0,0,"","Guardian's Protection","Flayer",1,"Blight Resistance",2,"",""
522,"Artian Coil α","WAIST","Artian α",44,1,-2,-2,2,3,2,0,0,"","Guardian's Protection","Flayer",1,"Windproof",2,"",""
523,"Artian Greaves α","LEG","Artian α",44,1,-2,-2,2,3,2,0,0,"","Guardian's Protection","Flayer",1,"Tremor Resistance",2,"",""
524,"Gajau Boots α","LEG","Gajau α",44,0,5,0,0,0,1,1,1,"","Flexible Leathercraft","Water Resistance",1,"Outdoorsman",1,"",""
526,"Commission Helm α","HELM","Commission α",44,2,2,0,0,0,1,0,0,"","","Agitator",1,"Maximum Might",1,"",""
527,"Commission Mail α","BODY","Commission α",44,2,2,0,0,0,1,0,0,"","","Agitator",1,"Divine Blessing",2,"",""
528,"Commission Vambraces α","ARM","Commission α",44,2,2,0,0,0,1,0,0,"","","Agitator",1,"Quick Sheathe",2,"",""
529,"Commission Coil α","WAIST","Commission α",44,2,2,0,0,0,1,0,0,"","","Agitator",1,"Tool Specialist",1,"",""
530,"Commission Greaves α","LEG","Commission α",44,2,2,0,0,0,1,0,0,"","","Agitator",1,"Earplugs",1,"",""
531,"Mimiphyta α","HELM","Mimiphyta α",36,-3,2,-2,2,2,1,0,0,"","Fortifying Pelt","Entomologist",1,"Ambush",1,"",""
514,"Guild Ace Earrings α","HELM","Guild Ace α",60,2,2,2,2,2,3,0,0,"","","Peak Performance",1,"Foray",1,"Constitution",1
515,"Guild Ace Mail α","BODY","Guild Ace α",60,2,2,2,2,2,3,0,0,"","","Peak Performance",1,"Foray",1,"Constitution",1
516,"Guild Ace Vambraces α","ARM","Guild Ace α",60,2,2,2,2,2,3,0,0,"","","Peak Performance",1,"Foray",1,"Constitution",1
517,"Guild Ace Coil α","WAIST","Guild Ace α",60,2,2,2,2,2,3,0,0,"","","Peak Performance",1,"Foray",1,"Constitution",1
518,"Guild Ace Boots α","LEG","Guild Ace α",60,2,2,2,2,2,3,0,0,"","","Peak Performance",1,"Foray",1,"Constitution",1
608,"No Equipment","HELM","#N/A",0,0,0,0,0,0,0,0,0,"","","","","","","",""
609,"No Equipment","BODY","#N/A",0,0,0,0,0,0,0,0,0,"","","","","","","",""
610,"No Equipment","ARM","#N/A",0,0,0,0,0,0,0,0,0,"","","","","","","",""
611,"No Equipment","WAIST","#N/A",0,0,0,0,0,0,0,0,0,"","","","","","","",""
612,"No Equipment","LEG","#N/A",0,0,0,0,0,0,0,0,0,"","","","","","","",""
38,"Gajau Boots","LEG","Gajau",4,0,5,0,0,0,0,0,0,"","Flexible Leathercraft","Water Resistance",1,"","","",""
525,"Dragonking Eyepatch α","HELM","Dragonking α",60,0,0,0,0,0,0,0,0,"","","Counterstrike",3,"","","",""
532,"Expedition Headgear α","HELM","Expedition Headgear α",40,1,1,1,1,1,1,0,0,"","","Blight Resistance",1,"Coalescence",1,"",""